X,Y,id,icon_url
30.5668949340494,-23.7207432172951,,./0.png
30.5673063185927,-23.7211508985457,,./0.png
